# Branching ratios for OH -> ,(1) O+H
# lambda ,br_ratio_1
92.0,1.0
92.31,1.0
93.34,1.0
93.78,1.0
94.0,1.0
94.97,1.0
96.0,1.0
97.25,1.0
97.7,1.0
98.0,1.0
99.1,1.0
100.0,1.0
102.0,1.0
102.57000000000001,1.0
103.5,1.0
106.0,1.0
111.0,1.0
115.5,1.0
119.0,1.0
121.0,1.0
121.57000000000001,1.0
125.0,1.0
130.0,1.0
135.0,1.0
140.0,1.0
145.0,1.0
150.0,1.0
155.0,1.0
160.0,1.0
165.0,1.0
170.0,1.0
175.0,1.0
180.0,1.0
185.0,1.0
190.0,1.0
