# Branching ratios for N2 -> ,(1) 2N
# lambda ,br_ratio_1
66.0,1.0
68.0,1.0
70.0,1.0
72.0,1.0
74.0,1.0
76.0,1.0
76.46000000000001,1.0
77.03999999999999,1.0
78.0,1.0
79.02000000000001,1.0
80.0,1.0
82.0,1.0
83.42,1.0
84.0,1.0
86.0,1.0
88.0,1.0
90.0,1.0
92.0,1.0
92.31,1.0
93.34,1.0
93.78,1.0
94.0,1.0
96.0,1.0
97.25,1.0
97.7,1.0
98.0,1.0
